"cellString1 = <|
  ""title"" -> ""Curso de LATEX + Mathematica (2024)"",
  ""subtitle"" -> ""Para producci√≥n de art√≠culos cient√≠ficos"",
  ""link"" -> ""https://github.com/josemramirez/mmatex"",
  ""fig1"" -> ""Universidad Yachay Tech logo"",
  ""fig2"" -> ""Wolfram Mathematica logo"",
  ""code"" -> ""In[11]:= F[c_,imax_]:= Abs[NestWhile[#^2+c&,0.,Abs[#]<=2&,1,imax]]<=2
In[12]:= With[{n = 100, imax = 1000},
   Graphics[Raster[Table[Boole[F[x+I*y,imax]],{y,-2,2,1/n},{x,-2,2,1/n}]]]]"",
  ""author"" -> ""Jose M. Ramirez"",
  ""affiliation"" -> ""Department of Physics and Nanotechnology, YachayTech"",
  ""city"" -> ""Ibarra"",
  ""country"" -> ""Ecuador"",
  ""email"" -> ""jmramirez@yachaytech.edu.ec""
|>","cellString1 = <|
  ""title"" -> ""Abstract"",
  ""text1"" -> ""Estudiantes de: Comercio Internacional, Psicolo√≠a, Ecolog√≠a, Agricultura. Cient√≠ficos por supuesto."",
  ""text2"" -> ""¬øA quien puede servirle? Comercio Internacional (estad√≠stica) Psicolo√≠a (estad√≠stica) Ecolog√≠a (estad√≠stica) Ingenier√≠a (c√°lculo) Cualquiera que: MMaTeX: Mathematica Calcular Visualizar Colecte datos Podri√°n usar Mathematica Necesite estad√≠stica o C√°lculo Transcripci√≥n Compilar Exploraci√≥n de datos Analisis Publicaci√≥n ¬øQui√©n puede usarlo?"",
  ""fig1"" -> ""Image showing a flowchart of the process: 'Colecte datos' leads to icons representing 'Podri√°n usar Mathematica', 'Necesite estad√≠stica o C√°lculo', then branching to 'Transcripci√≥n' and 'Compilar', leading to 'Exploraci√≥n de datos', then to 'Analisis' and finally 'Publicaci√≥n'"",
  ""fig2"" -> ""Icons representing different fields: 'Comercio Internacional', 'Psicolo√≠a', 'Ecolog√≠a', 'Ingenier√≠a'""
|>","cellString1 = <|""title"" -> ""Introducci√≥n"", ""text1"" -> ""¬øPor qu√© pensar en una integraci√≥n de Mathematica (MMA) con LATEX?"", ""text2"" -> ""Mathematica (MMA) es un software profesional para la producci√≥n de c√°lculos cient√≠ficos: simb√≥licos y num√©ricos ‚áí se usa sin explotar su potencial completo. El \""engine\"" de gr√°ficos de MMA no tiene rival. Pero nadie quiere escribir ecuaciones en MMA y luego hacerlo en LATEX de nuevo. El \""engine\"" de creaci√≥n de art√≠culos cient√≠ficos de LATEX no tiene rival. Todo esto sugiere el uso de MMA para la creaci√≥n de la ciencia y LATEX para la producci√≥n del documento a publicar."", ""fig1"" -> ""Image of a woman using a laptop with mathematical symbols and graphics on the screen"", ""fig2"" -> ""Universidad Yachay Tech logo""|>","cellString1 = <|
  ""title"" -> ""Pero: ¬øQu√© es MMA?"",
  ""fig1"" -> ""Diagram showing front end with In[1]:= 2+3 and Out[1]= 5, connected to a kernel labeled '2+3' and ''5''"",
  ""text1"" -> ""Wolfram Mathematica es un sistema interactivo para realizar c√°lculos matem√°ticos. El sistema Mathematica est√° compuesto por dos componentes principales: el \""Front End\"", donde se escribe la entrada en el lenguaje de Wolfram, se dan comandos de ejecuci√≥n y se visualiza la salida; y el \""Kernel\"", que realiza los c√°lculos propiamente dichos."",
  ""text2"" -> ""En el Front End, puedes escribir expresiones matem√°ticas utilizando la sintaxis del lenguaje de Wolfram. Por ejemplo, para calcular la derivada de f(x) = x^2, puedes escribir: D[x^2, x] Al ejecutar este comando, el Kernel de Mathematica realizar√° el c√°lculo y devolver√° el resultado: 2x""
|>","cellString1 = <|""title""-> ""MMA coding?"", ""text1""->""Adem√°s de c√°lculos simb√≥licos, Mathematica tambi√©n es capaz de realizar c√°lculos num√©ricos, visualizar gr√°ficos y mucho m√°s. A lo largo de este curso, exploraremos las diversas funcionalidades de Mathematica y aprenderemos a utilizar el lenguaje de Wolfram para resolver problemas matem√°ticos."", ""text2""->""Si hay muchas celdas de entrada en un cuaderno, solo se ejecutan en orden si seleccionas \""Evaluar Cuaderno\"" en el men√∫ \""Evaluaci√≥n\""; de lo contrario, puedes ejecutar las celdas de entrada en cualquier orden que desees simplemente colocando el cursor dentro de una celda y presionando \""shift-enter\"". La definici√≥n de cualquier funci√≥n o s√≠mbolo se puede llamar con el comando ?:"", ""code""->""In[1]:= 2+3\nOut[1]:= 5\n\nIn[1]:= ?Factorial\nn! gives the factorial of n. >>"", ""fig1""->""An image showing some mathematical expressions and Wolfram language code snippets""|>","cellString1 = <|
  ""title"" -> ""Ejemplos MMA coding"",
  ""text1"" -> ""1. Haz los siguientes c√°lculos en Mathematica, e intente comprender su estructura. Q1.1 Calcula el valor n√∫merico de la funci√≥n Riemann Zeta \[Zeta](3) con:"",
  ""code1"" -> ""In[1]:= N[Zeta[3]]"",
  ""text2"" -> ""Q1.2 Eleva al cuadrado el resultado anterior con (%):"",
  ""code2"" -> ""In[1]:= %^2"",
  ""text3"" -> ""Q1.3 Calcula la integral \[Integral]Sin(x) e^-x d x con:"",
  ""code3"" -> ""In[1]:= Integrate[Sin[x]*Exp[-x],{x,0,Infinity}]"",
  ""code4"" -> ""Integrate[Sin[x]*Exp[-x],{x,0,Infinity}]""
|>","cellString1 = <|
  ""title"" -> ""Ejemplos MMA coding"",
  ""text1"" -> ""Haz los siguientes c√°lculos en Mathematica, e intenta comprender su estructura. Q1 .4 Calculate the first 1000 digits of œÄ with"",
  ""code"" -> ""In[1]:= N[Pi,1000]"",
  ""text2"" -> ""Q1 .5 Calculate the analytic and numeric values of the Clebsch-Gordan coefficienth : (100, 10; 200, -12 | 110, - 2)"",
  ""code"" -> ""In[1]:= ClebschGordan[{100,10},{200,-12},{110,-2}]"",
  ""text3"" -> ""Q1 .6 Calculate the limit lim sin(x)/x with x->0"",
  ""code"" -> ""In[1]:= Limit[Sin[x]/x,x->0]"",
  ""text4"" -> ""Limit[Sin[x]/x, x -> 0]""
|>

The image does not contain any figures, authors, affiliations, cities, countries, or email addresses, so those fields are omitted from the association.","cellString1 = <|""title""-> ""Variables y asignaciones"", ""link""->""https://reference.wolfram.com/language/howto/WorkWithVariablesAndFunctions.html"", ""text1""->""Las variables en Wolfram Language pueden ser letras o palabras con letras may√∫sculas o min√∫sculas, incluidos los s√≠mbolos griegos. La asignaci√≥n de un valor a una variable se realiza con el s√≠mbolo =,"", ""text2""->""Si desea suprimir la salida, debe finalizar el comando con punto y coma:"", ""code""->""In[1]:= a=5\nOut[1]:= 5\n\na = 5\n\nIn[1]:= a=5;\n\na = 5;""|>","cellString1 = <|""title""-> ""Asignaciones intermedias y retrasadas"", ""link""->""https://reference.wolfram.com/language/tutorial/ImmediateAndDelayedDefinitions.html"", ""text1""->""Considere los dos comandos"", ""text2""->""(tu n√∫mero aleatorio ser√° diferente). La primera declaraci√≥n a = ... es una asignaci√≥n inmediata, lo que significa que su lado derecho es evaluado cuando presionas shift - enter, produce un aleatorio espec√≠fico valor, y se asigna a la variable a (y se imprime). Desde ahora adelante, cada vez que uses la variable a, exactamente el mismo n√∫mero ser√° sustituido. En este sentido, la variable a contiene el n√∫mero 0.38953 y no recuerda de d√≥nde obtuvo este n√∫mero. Puede verifique la definici√≥n de a con ?a"", ""code""->""In[1]:= a = RandomReal[]\nOut[1]:= 0.38953\n\nIn[1]:= b := RandomReal[]"", ""fig1""->""Two lines of Wolfram Language code and output demonstrating immediate assignment"", ""fig2""->""Three lines of Wolfram Language code demonstrating inspecting the definition of variable a""|>","cellString1 = <|
  ""title"" -> ""Asignaciones intermedias y retrasadas"",
  ""link"" -> ""https://reference.wolfram.com/language/tutorial/ImmediateAndDelayedDefinitions.html"",
  ""text1"" -> ""La definici√≥n b := ... es una asignaci√≥n retrasada, lo que significa que cuando presionas shift-enter el lado derecho no se eval√∫a sino simplemente almacenado como una definici√≥n de b. De ahora en adelante, cada vez que utilices el comando variable b, se sustituir√° su definici√≥n del lado derecho y ejecutado, lo que resulta en un nuevo n√∫mero aleatorio cada vez. Puedes comprobar la definici√≥n de b con"",
  ""code"" -> ""In[1]:= ?b
           Global`b
             b := RandomReal[]

           Comparemos el rendimiento repetido de a y b :
           
           In[1]:= {a, b}
           Out[1]:= {0.38953, 0.76226}
           In[1]:= {a, b} 
           Out[1]:= {0.38953, 0.982921}
           In[1]:= {a, b}
           Out[1]:= {0.38953, 0.516703}
           In[1]:= {a, b}
           Out[1]:= {0.38953, 0.0865169}"",
  ""text2"" -> ""Si est√° familiarizado con los sistemas de archivos inform√°ticos, puede pensar en una asignaci√≥n inmediata como un enlace f√≠sico (un enlace directo a un n√∫mero de inodo precalculado) y en una asignaci√≥n retrasada como un enlace suave (enlace simb√≥lico, instrucciones textuales sobre c√≥mo encontrar el enlace objetivo).""
|>"
"<|""title"" -> ""Curso de LATEX + Mathematica (2024)"", ""link"" -> ""https://github.com/josemramirez/mmatex"", ""text1"" -> ""Para producci√≥n de art√≠culos cient√≠ficos"", ""fig1"" -> ""Universidad Yachay Tech logo"", ""fig2"" -> ""Wolfram Language logo"", ""code"" -> ""In[11]:= F[c_,imax_]:= Abs[NestWhile[#^2+c&, 0., Abs[#]<=2&, 1,imax]] <= 2
In[12]:= With[{n = 100, imax = 1000}, 
   Graphics[Raster[Table[Boole[F[x+I*y,imax]],{y,-2,2,1/n},{x,-2,2,1/n}]]]]"", ""author"" -> ""Jose M. Ramirez"", ""affiliation"" -> ""Department of Physics and Nanotechnology
YachayTech
Ibarra, Ecuador"", ""email"" -> ""jmramirez@yachaytech.edu.ec""|>","<|""title""->""Abstract"", ""text1""->""Estudiantes de: Comercio Internacional, Psicolo√≠a, Ecolog√≠a, Agricultura. Cient√≠ficos por supuesto."", ""text2""->""¬øA quien puede servirle?"", ""fig1""->""Diagrama de flujo con iconos representando Comercio Internacional (estad√≠stica), Psicolog√≠a (estad√≠stica), Ecolog√≠a (estad√≠stica), e Ingenier√≠a (c√°lculo)"", ""fig2""->""Diagrama de flujo detallando los pasos de colectar datos, necesitar estad√≠stica o c√°lculo, poder usar Mathematica, y explorar/analizar/publicar los datos usando Mathematica"", ""text3""->""¬øQui√©n puede usarlo?"", ""code""->""MMaTeX"", ""style""->2|>","<|""title""->""Introducci√≥n"",""fig1""->""The image shows a woman with long dark hair sitting at a desk and using a laptop. She appears to be focused on the screen, suggesting she is working on something related to mathematics or technology based on the surrounding text."",""text1""->""¬øPor qu√© pensar en una integraci√≥n de Mathematica (MMA) con LATEX?"",""text2""->""Mathematica (MMA) es un software profesional para la producci√≥n de c√°lculos cient√≠ficos: simb√≥licos y num√©ricos ‚áí se usa sin explotar su potencial completo.\n\nEl \""engine\"" de gr√°ficos de MMA no tiene rival.\n\nPero nadie quiere escribir ecuaciones en MMA y luego hacerlo en LATEX de nuevo.\n\nEl \""engine\"" de creaci√≥n de art√≠culos cient√≠ficos de LATEX no tiene rival.\n\nTodo esto sugiere el uso de MMA para la creaci√≥n de la ciencia y LATEX para la producci√≥n del documento a publicar.""|>","<|""title""->""Pero: ¬øQu√© es MMAüéâ?"",""text1""->""Wolfram Mathematica es un sistema interactivo para realizar c√°lculos matem√°ticos. El sistema Mathematica est√° compuesto por dos componentes principales: el \""Front End\"", donde se escribe la entrada en el lenguaje de Wolfram, se dan comandos de ejecuci√≥n y se visualiza la salida; y el \""Kernel\"", que realiza los c√°lculos propiamente dichos."",""text2""->""En el Front End, puedes escribir expresiones matem√°ticas utilizando la sintaxis del lenguaje de Wolfram. Por ejemplo, para calcular la derivada de f(x) = x^2, puedes escribir: D[x^2, x]"",""text3""->""Al ejecutar este comando, el Kernel de Mathematica realizar√° el c√°lculo y devolver√° el resultado: 2x"",""fig1""->""Diagram showing the Front End and Kernel components of Mathematica"",""code""->""In[1]:= 2+3

Out[1]= 5"",""style""->4|>"
"<|""title""->""Pero: ¬øQu√© es MMA?"",""fig1""->""A diagram showing the front end and kernel components of Wolfram Mathematica. The front end takes input ln[1]:= 2+3 and outputs Out[1]= 5. The kernel computes \""2+3\"" and returns \""5\""."",""text1""->""Wolfram Mathematica es un sistema interactivo para realizar c√°lculos matem√°ticos. El sistema Mathematica est√° compuesto por dos componentes principales: el \""Front End\"", donde se escribe la entrada en el lenguaje de Wolfram, se dan comandos de ejecuci√≥n y se visualiza la salida; y el \""Kernel\"", que realiza los c√°lculos propiamente dichos."",""text2""->""En el Front End, puedes escribir expresiones matem√°ticas utilizando la sintaxis del lenguaje de Wolfram. Por ejemplo, para calcular la derivada de f(x) = x^2, puedes escribir: D[x^2, x]"",""text3""->""Al ejecutar este comando, el Kernel de Mathematica realizar√° el c√°lculo y devolver√° el resultado: 2x""|>","<|""title""->""MMA coding?"",""text1""->""Adem√°s de c√°lculos simb√≥licos, Mathematica tambi√©n es capaz de realizar c√°lculos num√©ricos, visualizar gr√°ficos y mucho m√°s. A lo largo de este curso, exploraremos las diversas funcionalidades de Mathematica y aprenderemos a utilizar el lenguaje de Wolfram para resolver problemas matem√°ticos."",""code""->""In[1]:= 2+3\nOut[1]:= 5\n\n2 + 3"",""text2""->""Si hay muchas celdas de entrada en un cuaderno, solo se ejecutan en orden si seleccionas \""Evaluar Cuaderno\"" en el men√∫ \""Evaluaci√≥n\""; de lo contrario, puedes ejecutar las celdas de entrada en cualquier orden que desees simplemente colocando el cursor dentro de una celda y presionando \""shift-enter\"". La definici√≥n de cualquier funci√≥n o s√≠mbolo se puede llamar con el comando ?:"",""code""->""In[1]:= ?Factorial\nn! gives the factorial of n. >>"",""text3""->""La flecha que aparece al final de este texto informativo es un hiperv√≠nculo a la documentaci√≥n, donde (generalmente) se presentan ejemplos instructivos.""|>","<|""title""->""Ejemplos MMA coding"",""text1""->""1. Haz los siguientes c√°lculos en Mathematica, e intente comprender su estructura."",""text2""->""Q1.1 Calcula el valor n√∫merico de la funci√≥n Riemann Zeta Œ∂(3) con:"",""code""->""In[1]:=N[Zeta[3]]"",""text3""->""Q1.2 Eleva al cuadrado el resultado anterior con (%):"",""code2""->""In[1]:=%^2"",""text3""->""Q1.3 Calcula la integral ‚à´Sin(x) e^-x d x con:"",""code3""->""In[1]:=Integrate[Sin[x]*Exp[-x],{x,0,Infinity}]"",""fig1""->""Integrate[Sin[x]*Exp[-x],{x,0,Infinity}]""|>","<|""title"" -> ""Ejemplos MMA coding"", ""text1"" -> ""Haz los siguientes c√°lculos en Mathematica, e intenta comprender su estructura."", ""text2"" -> ""Q1.4 Calculate the first 1000 digits of \[Pi] with"", ""code"" -> ""In[1]:= N[Pi,1000]"", ""text3"" -> ""Q1.5 Calculate the analytic and numeric values of the Clebsch-Gordan coefficienth : (100, 10; 200, -12 | 110, -2)"", ""code2"" -> ""In[1]:= ClebschGordan[{100,10},{200,-12},{110,-2}]"", ""text4"" -> ""Q1.6 Calculate the limit lim sin(x) with x->0 x"", ""code3"" -> ""In[1]:= Limit[Sin[x]/x,x->0]"", ""text5"" -> ""Limit[Sin[x]/x, x -> 0]""|>","<|""title"" -> ""Variables y asignaciones"", ""link"" -> ""https://reference.wolfram.com/language/howto/WorkWithVariablesAndFunctions.html"", ""text1"" -> ""Las variables en Wolfram Language pueden ser letras o palabras con letras may√∫sculas o min√∫sculas, incluidos los s√≠mbolos griegos. La asignaci√≥n de un valor a una variable se realiza con el s√≠mbolo =,"", ""code"" -> ""In[1]:= a=5
Out[1]:= 5

a = 5
Si desea suprimir la salida, debe finalizar el comando con punto y coma :

In[1]:= a=5;

a = 5;""|>"
"cellString1 = <|""title""->""Asignaciones intermedias y retrasadas"",""link""->""https://reference.wolfram.com/language/tutorial/ImmediateAndDelayedDefinitions.html"",""text1""->""Considere los dos comandos"",""text2""->""(tu n√∫mero aleatorio ser√° diferente). La primera declaraci√≥n a = ... es una asignaci√≥n inmediata, lo que significa que su lado derecho es evaluado cuando presionas shift - enter, produce un aleatorio espec√≠fico valor, y se asigna a la variable a (y se imprime). Desde ahora adelante, cada vez que uses la variable a, exactamente el mismo n√∫mero ser√° sustituido. En este sentido, la variable a contiene el n√∫mero 0.38953 y no recuerda de d√≥nde obtuvo este n√∫mero. Puede verifique la definicion de a con ?a"",""code""->""In[1]:= a = RandomReal[]\nOut[1]:= 0.38953\n\nIn[1]:= b := RandomReal[]"",""style""->9|>","<|""title"" -> ""Asignaciones intermedias y retrasadas"", ""link"" -> ""https://reference.wolfram.com/language/tutorial/ImmediateAndDelayedDefinitions.html"", ""text1"" -> ""La definici√≥n b := ... es una asignaci√≥n retrasada, lo que significa que cuando presionas shift-enter el lado derecho no se eval√∫a sino simplemente almacenado como una definici√≥n de b. De ahora en adelante, cada vez que utilices el comando variable b, se sustituir√° su definici√≥n del lado derecho y ejecutado, lo que resulta en un nuevo n√∫mero aleatorio cada vez. Puedes comprobar la definici√≥n de b con"", ""code"" -> ""In[1]:= ?b\nGlobal`b\n    b := RandomReal[]"", ""text2"" -> ""Comparemos el rendimiento repetido de a y b :"", ""fig1"" -> ""In[1]:= {a, b}\nOut[1]:= {0.38953, 0.76226}\nIn[1]:= {a, b}\nOut[1]:= {0.38953, 0.982981}\nIn[1]:= {a, b}\nOut[1]:= {0.38953, 0.516703}\nIn[1]:= {a, b}\nOut[1]:= {0.38953, 0.0865169}"", ""style"" -> 10|>","cellString1 = <|""title""-> ""4 tipos de Bracketing"", ""text1""->""Hay cuatro tipos de corchetes en Wolfram Language:"", ""text2""->""Par√©ntesis para agrupar, por ejemplo en expresiones matem√°ticas : |n[]l:= 2*(3-7)"", ""text3""->""Par√©ntesis cuadrados para llamada de funciones : |n[]l:= Sin[0.2]"", ""text4""->""Llaves para las listas : |n[]l:= v = {a, b, c}"", ""text5""->""Par√©ntesis cuadrados dobles para √≠ndices de elementos de lista : |n[]l:= v[[2]]""|>","<|""title""->""Pero MMA NO imprime un art√≠culo cient√≠fico!!"", ""text1""->""Curso Latex + Mathematica (2024)"", ""fig1""->""Impetus (revision) Isothermal Bondi accretion in Galaxies with a Central Black Hole: Fully Analytical Solutions"", ""fig2""->""The Classical Bondi Model"", ""code""->""Eq8 = x^2 M p^(5/2) œÄ x (x8x)"", ""style""->12|>","<|""title""->""¬øY entonces que es LATEX?"",""fig1""->""The image shows a young woman with long dark hair typing on a laptop. She appears to be in an office or professional setting based on the background."",""text1""->""LATEX es un sistema de composici√≥n de textos, orientado a la creaci√≥n de documentos escritos que presentan una alta calidad tipogr√°fica. Por sus caracter√≠sticas y posibilidades, es usado de forma especialmente intensa en la generaci√≥n de art√≠culos y libros cient√≠ficos que incluyen, entre otros elementos, expresiones matem√°ticas."",""text2""->""LATEX est√° formado por un gran conjunto de macros de TeX, con la intenci√≥n de facilitar el uso del lenguaje de composici√≥n tipogr√°fica, TeX. LATEX es un software libre bajo licencia LPPL."",""style""->13|>","<|""title""->""Caracteristicas principales de LaTeX"",""fig1""->""An image of a computer screen displaying a list of mathematical topics in a program called 'Latex + Mathematica'"",""text1""->""1. Permite la creaci√≥n de documentos estructurados, manejando de forma autom√°tica numeraci√≥n, referencias, bibliograf√≠a, √≠ndice anal√≠tico, etc."",""text2""->""2. Permite la incorporaci√≥n de gr√°ficos, tablas, f√≥rmulas matem√°ticas complejas, notas al pie de p√°gina, citas bibliogr√°ficas, entre otros."",""text3""->""3. LaTeX es un est√°ndar para la publicaci√≥n de documentos cient√≠ficos, utilizado ampliamente en campos como matem√°ticas, f√≠sica, ciencias de la computaci√≥n, estad√≠stica y econom√≠a."",""text4""->""4. Aunque el aprendizaje de LaTeX puede tomar algo de tiempo, una vez que se comprenden los conceptos b√°sicos, permite a los usuarios crear documentos de apariencia profesional con facilidad."",""text5""->""En resumen, LaTeX es un potente sistema de composici√≥n de textos que permite a los usuarios crear documentos de alta calidad, especialmente en el √°mbito acad√©mico y cient√≠fico, con caracter√≠sticas tipogr√°ficas superiores y una estructura s√≥lida.""|>"
"<|""title"" -> ""Pero LATEX NO calcula nada!!"", ""text1"" -> ""C√≥digo sencillo que necesita ir en un archivo de texto plano antes de compilar."", ""text2"" -> ""Este es un documento sencillo en LaTeX.\nLaTeX no calcula nada.\n\\end{document}"", ""code"" -> ""\\documentclass{article}\n\\usepackage[utf8]{inputenc}\n\\usepackage[spanish]{babel}\n\\begin{document}\n\\section{Introducci√≥n}"", ""style"" -> 15|>","cellString1 = <|""text1""->""paper 1"", ""text2""->""J. M. Ram√≠rez,1 Co-Author1,4 Co-Author2,5"", ""text3""->""May 3, 2024"", ""text4""->""Abstract"", ""text5""->""my simple abstract"", ""text6""->""1    Introduction"", ""text7""->""In this paper we want to introduce."", ""style""->16|>","cellString1 = <|""title"" -> ""MMaTEX?"", ""fig1"" -> ""An image showing two icons resembling the atom icon from Mathematica connected by a plus sign, with an arrow pointing to a printer icon, suggesting MMaTEX may involve combining or converting Mathematica and LaTeX"", ""text1"" -> ""Previous Next"", ""style"" -> 17|>","<|""title"" -> ""MMATeX?"", ""text1"" -> ""C√≥digo sencillo para escribir un art√≠culo dentro de MMA sin salir del entorno"", ""text2"" -> ""In[1]:= docClassArticle
In[2]:= graphicxs
In[3]:= \\section{Introducci√≥n}
Este es un documento sencillo en LaTeX.
LaTeX no calcula nada.
In[4]:= openDoc"", ""style"" -> 18|>","<|""title"" -> ""LaTeX generation functions"", ""code"" -> ""(* La clase y donde esta? *)
docClassArticle := \""\\documentclass[a4paper,fleqn,
usenatbib]{article}\""
graphicx := \""\\usepackage{graphicx}\""
latex := \""\\LaTeX{}\""
titleAuthorDate[title_, author_] := \""
\\title{\"" <> title <> \""}
\\author{\"" <> author <> \""}
\\date{\\today}\""
openDoc := \""\\begin{document}\\n\\maketitle\""
closeDoc := \""\\end{document}\""

La definici√≥n de como incluir las figuras

figure[generation_, name_, cap_, ref_] := (
Export[MakeDir[<> name <> \"".png\"", generation];
\\begin{figure}
\\includegraphics[width=8.0cm]{<> \""\"" <> name <> \"".png\"" <> \""}
\\caption{\"" <> cap <> \""}
\\label{\"" <> ref <> \""}
\\end{figure}\""
)

La definici√≥n de como incluir ecuaciones

myEq[generation_, name_] := (
\""
\\begin{equation}\\n\""
<> StringReplace[ToString[TeXForm[generation],
InputForm], \""\\text\"" -> \""\""] <> \""
\\label{\"" <> name <> \""}
\\end{equation}\""
)
myStringToAll = StringReplace[myStringToAll, \""\\n\"" -> \""\""];"", ""style"" -> 19|>","cellString1 = <|""title"" -> ""MMaTeX?"", ""text1"" -> ""myPaperV1"", ""text2"" -> ""declassArticle"", ""text3"" -> ""graphics"", ""text4"" -> ""titleAuthorDate["", ""text5"" -> ""\""Consistent 3D rotational accretion of matter onto a Galactic black hole\"","", ""text6"" -> ""\""J. M. Ram{\\'\i}rez,$^{1}$"", ""text7"" -> ""Co-Author1,$^{4}$"", ""text8"" -> ""Co-Author2,$^{5}$"", ""text9"" -> ""Co-Author3,$^{4}$"", ""text10"" -> ""Co-Author4$^{2,6}$"", ""text11"" -> ""\""]"", ""text12"" -> ""openDoc"", ""text13"" -> ""{section{Mathematical Method}"", ""text14"" -> ""So, we follow the notation of Ciotti \\& Silvia 2016. We start by writing the continuity equation:"", ""text15"" -> ""myEq[Eq0, \""conti\""]"", ""text16"" -> ""where $\\lambda$, is called the accretion parameter, $x = r/r_B$, $\\mathcal{M}=v/c_s$ and"", ""text17"" -> ""$\\tilde{\\rho}=\\rho/\\rho_{\\infty}$. The index $\\gamma$ is the polytropic index of the flow. If"", ""text18"" -> ""$\\gamma=1$, then we recover the continuity equation of an isothermal flow. For the"", ""text19"" -> ""accretion produced by a Newtonian potential the equation ($\\ref{conti}$) has to be solved"", ""text20"" -> ""altogether with the equation of Bernoulli:"", ""text21"" -> ""myEq[Eq0a, \""bernouli\""]"", ""code"" -> ""|>"
"cellString1 = <|""title""->""MMaTeX - La Ciencia en un Libro"", ""link""->""https://github.com/josemramirez/mmatex/blob/main/Paper_toLatex6.nb"", ""text1""->""Ecuaci√≥n de continuidad"", ""text2""->""Supongo que podemos escribir Bernoulli normalizado"", ""fig1""->""Eq1 = x^3 M œÅ^((Œ≥+1)/2) == Œª (* Comentario de la ecuaci√≥n 1 *)"", ""fig2""->""Eq2 = (M^2 Cs^2)/2 + œÅ^(Œ≥-1)/(Œ≥-1) == 1/x + 1/(Œ≥-1) (* Comentario de la ecuaci√≥n 2 *)"", ""code""->""myEq[Eq2, \""velocity\""]"", ""style""->21|>","<|""title"" -> ""MMaTeX¬Æ - Convierte a PlainText y Compila en otro!"", ""link1"" -> ""https://github.com/josemramirez/mmatex/blob/main/HolaMundo_toLaTeX6.nb"", ""link2"" -> ""https://github.com/josemramirez/mmatex/blob/main/Notebook_toLaTeX9.nb"", ""fig1"" -> ""Layendo celdas de MMs"", ""fig2"" -> ""Celdas de MMs pasan a texto plano"", ""fig3"" -> ""Une todo en un texto plano"", ""fig4"" -> ""Compila y da un articulo en PDF"", ""fig5"" -> ""Transformaciones MMaTeX"", ""fig6"" -> ""Clase de LaTeX MMaTeX v0.1"", ""text1"" -> ""Consistent 3D rotational accretion of matter onto a Galactic black hole"", ""author1"" -> ""J. M. Ram√≠rez,"", ""author2"" -> ""Co-Author1,"", ""author3"" -> ""Co-Author2,"", ""author4"" -> ""Co-Author3,"", ""author5"" -> ""Co-Author4"", ""abstract"" -> ""We present three-dimensional calculations of small-scale, spherically symmetric including rotation and numerical comparison with gamma different from 1. 1HO, sin Rotacion: 4 Lineas. (Reptidas tanto para Newton como PW): 1) Isothermal:   = 1. (comparacion con analitico). 2)   = 5/3. (Comparacion con Semi-analitico? podemos llamarlo asi?, Numericamente??) 3) 1 <   < 5/3. Sin ... signos ... igualdad. (Comparacion Semi-analitica) 4) Con electron scattering."", ""affiliation"" -> ""Aplicaci√≥n de de funciones de LaTeX avanzadas""|>","<|""title"" -> ""MMaiTeX¬Æ - with Artificial Intelligence?"", ""text1"" -> ""Coming soon..."", ""style"" -> 23|>","<|""title"" -> ""Conclusiones"", ""text1"" -> ""Resoluci√≥n de ecuaciones anal√≠ticas y num√©ricas: Mec√°nica de fluidos, Mec√°nica Cu√°ntica, Matem√°ticas avanzadas en MMA."", ""text2"" -> ""Graficaci√≥n con calidad de publicaci√≥n y para el an√°lisis propio en MMA."", ""text3"" -> ""Pero no debes tener varios ambientes para procesar el PDF del art√≠culo y tener las soluciones de las ecuaciones."", ""text4"" -> ""Instituciones participantes:"", ""fig1"" -> ""YachayTech""|>","cellString1 = <|""title"" -> ""Referencias"", ""text1"" -> ""Introduction to Latex"", ""text2"" -> ""[1] A Guide to Latex, 4th Edition by Helmut Kopka and Patrick W. Daly, Addison-Wesley (2003)"", ""text3"" -> ""Mathematical Typesetting with Latex"", ""text4"" -> ""[2] Mathematical Typesetting with TEX by S. G. Lehtonen, Rapport Technique (2006)"", ""text5"" -> ""[3] More Math into Latex by George Gr√§tzer, Springer (2007)"", ""text6"" -> ""Creating Documents with Latex"", ""text7"" -> ""[4] Latex: a Document Preparation System by Leslie Lamport, Addison-Wesley (1994)"", ""text8"" -> ""Introduction to Mathematica"", ""text9"" -> ""[5] Mathematica: a System for Doing Mathematics by Computer by Stephen Wolfram, Addison-Wesley (1991)"", ""text10"" -> ""Symbolic Computation with Mathematica"", ""text11"" -> ""[6] Computer Algebra and Symbolic Computation: Mathematical Methods by Joel S. Cohen, A K Peters/CRC Press (2002)"", ""text12"" -> ""[7] Mathematical Computation with Mathematica by Soa Gra Soderlind, Academic Press (2001)"", ""text13"" -> ""Integrating Latex and Mathematica"", ""text14"" -> ""[8] Mathematica Navigator: Mathematics, Statistics, and Graphics by Heikki Ruskeepaa, Academic Press (2004)"", ""text15"" -> ""[9] Integrating Latex and Mathematica by William Scheid, The Mathematica Journal Volume 7 Issue 4 (2000)"", ""style"" -> ""25""|>"
